Day,Date,Time,Year,HomeTeam
Sun,September 10,1:00PM,2017,Houston Texans
Sun,September 10,8:30PM,2017,Dallas Cowboys
Sun,September 17,8:30PM,2017,Atlanta Falcons
Sun,October 1,9:30AM,2017,Miami Dolphins
Sun,October 1,1:00PM,2017,Houston Texans
Sun,October 1,1:00PM,2017,Dallas Cowboys
Sun,October 1,1:00PM,2017,Atlanta Falcons
Sun,October 8,1:00PM,2017,Miami Dolphins
Sun,October 8,4:25PM,2017,Dallas Cowboys
Sun,October 8,8:30PM,2017,Houston Texans
Sun,October 15,1:00PM,2017,Atlanta Falcons
Sun,October 15,1:00PM,2017,Houston Texans
Sun,October 22,1:00PM,2017,Miami Dolphins
Sun,November 5,1:00PM,2017,Houston Texans
Sun,November 5,4:25PM,2017,Dallas Cowboys
Sun,November 5,8:30PM,2017,Miami Dolphins
Sun,November 12,4:25PM,2017,Atlanta Falcons
Sun,November 19,1:00PM,2017,Houston Texans
Sun,November 19,1:00PM,2017,Miami Dolphins
Sun,November 19,8:30PM,2017,Dallas Cowboys
Thu,November 23,4:30PM,2017,Dallas Cowboys
Sun,November 26,1:00PM,2017,Atlanta Falcons
Thu,November 30,8:25PM,2017,Dallas Cowboys
Sun,December 3,1:00PM,2017,Atlanta Falcons
Sun,December 3,1:00PM,2017,Miami Dolphins
Thu,December 7,8:25PM,2017,Atlanta Falcons
Sun,December 10,1:00PM,2017,Houston Texans
Mon,December 11,8:30PM,2017,Miami Dolphins
Sun,December 24,4:25PM,2017,Dallas Cowboys
Mon,December 25,4:30PM,2017,Houston Texans
Sun,December 31,4:25PM,2017,Miami Dolphins
Sun,December 31,4:25PM,2017,Atlanta Falcons
Sun,September 9,1:00PM,2018,Miami Dolphins
Sun,September 16,1:00PM,2018,Atlanta Falcons
Sun,September 16,8:20PM,2018,Dallas Cowboys
Sun,September 23,1:00PM,2018,Houston Texans
Sun,September 23,1:00PM,2018,Atlanta Falcons
Sun,September 23,1:00PM,2018,Miami Dolphins
Sun,September 30,1:00PM,2018,Dallas Cowboys
Sun,September 30,1:00PM,2018,Atlanta Falcons
Sun,October 7,8:20PM,2018,Houston Texans
Sun,October 14,1:00PM,2018,Miami Dolphins
Sun,October 14,1:00PM,2018,Houston Texans
Sun,October 14,1:00PM,2018,Atlanta Falcons
Sun,October 14,4:25PM,2018,Dallas Cowboys
Sun,October 21,1:00PM,2018,Miami Dolphins
Mon,October 22,8:15PM,2018,Atlanta Falcons
Thu,October 25,8:20PM,2018,Houston Texans
Sun,November 4,1:00PM,2018,Miami Dolphins
Mon,November 5,8:15PM,2018,Dallas Cowboys
Sun,November 18,1:00PM,2018,Atlanta Falcons
Thu,November 22,4:30PM,2018,Dallas Cowboys
Mon,November 26,8:15PM,2018,Houston Texans
Thu,November 29,8:20PM,2018,Dallas Cowboys
Sun,December 2,1:00PM,2018,Houston Texans
Sun,December 2,1:00PM,2018,Atlanta Falcons
Sun,December 2,1:00PM,2018,Miami Dolphins
Sun,December 9,1:00PM,2018,Miami Dolphins
Sun,December 9,1:00PM,2018,Houston Texans
Sun,December 9,4:25PM,2018,Dallas Cowboys
Sun,December 16,1:00PM,2018,Atlanta Falcons
Sun,December 23,1:00PM,2018,Dallas Cowboys
Sun,December 23,1:00PM,2018,Miami Dolphins
Sun,December 30,1:00PM,2018,Houston Texans
Sat,January 5,4:35PM,2019,Houston Texans
Sat,January 5,8:15PM,2019,Dallas Cowboys
Sun,September 8,1:00PM,2019,Miami Dolphins
Sun,September 8,4:25PM,2019,Dallas Cowboys
Sun,September 15,1:00PM,2019,Miami Dolphins
Sun,September 15,1:00PM,2019,Houston Texans
Sun,September 15,8:20PM,2019,Atlanta Falcons
Sun,September 22,1:00PM,2019,Dallas Cowboys
Sun,September 29,1:00PM,2019,Houston Texans
Sun,September 29,1:00PM,2019,Miami Dolphins
Sun,September 29,1:00PM,2019,Atlanta Falcons
Sun,October 6,1:00PM,2019,Houston Texans
Sun,October 6,4:25PM,2019,Dallas Cowboys
Sun,October 13,1:00PM,2019,Miami Dolphins
Sun,October 20,1:00PM,2019,Atlanta Falcons
Sun,October 20,8:20PM,2019,Dallas Cowboys
Sun,October 27,1:00PM,2019,Atlanta Falcons
Sun,October 27,4:25PM,2019,Houston Texans
Sun,November 3,1:00PM,2019,Miami Dolphins
Sun,November 10,8:20PM,2019,Dallas Cowboys
Sun,November 17,1:00PM,2019,Miami Dolphins
Thu,November 21,8:20PM,2019,Houston Texans
Sun,November 24,1:00PM,2019,Atlanta Falcons
Thu,November 28,4:30PM,2019,Dallas Cowboys
Thu,November 28,8:20PM,2019,Atlanta Falcons
Sun,December 1,1:00PM,2019,Miami Dolphins
Sun,December 1,8:20PM,2019,Houston Texans
Sun,December 8,1:00PM,2019,Houston Texans
Sun,December 8,1:00PM,2019,Atlanta Falcons
Sun,December 15,4:25PM,2019,Dallas Cowboys
Sun,December 22,1:00PM,2019,Atlanta Falcons
Sun,December 22,1:00PM,2019,Miami Dolphins
Sun,December 29,4:25PM,2019,Houston Texans
Sun,December 29,4:25PM,2019,Dallas Cowboys
Sat,January 4,4:35PM,2020,Houston Texans
